post_id,post_url,likes,author_username,description,views
6955317108913753349,https://www.tiktok.com/@marmaryeesa2026/video/6955317108913753349,,marmaryeesa2026,,
7617631569909386510,https://www.tiktok.com/@theivylee/video/7617631569909386510,,theivylee,,
7393424539755056414,https://www.tiktok.com/@nextshark/video/7393424539755056414,,nextshark,,
7610820228083158303,https://www.tiktok.com/@brycepatingre/video/7610820228083158303,,brycepatingre,,
7609426109456796942,https://www.tiktok.com/@occupycinema/video/7609426109456796942,,occupycinema,,
7466146530945453358,https://www.tiktok.com/@kyleelaruee/video/7466146530945453358,,kyleelaruee,,
7617900055428713759,https://www.tiktok.com/@cmfieldsyf/video/7617900055428713759,,cmfieldsyf,,
7066538085844045103,https://www.tiktok.com/@moviemija/video/7066538085844045103,,moviemija,,
6899178694338776326,https://www.tiktok.com/@producerdaniel/video/6899178694338776326,,producerdaniel,,
7194814798914424110,https://www.tiktok.com/@thenewsmovement/video/7194814798914424110,,thenewsmovement,,
7617639391590108429,https://www.tiktok.com/@chaz_affiliategirl/video/7617639391590108429,,chaz_affiliategirl,,
7617750239696473358,https://www.tiktok.com/@marmaryeesa2026/video/7617750239696473358,,marmaryeesa2026,,
7210257337221696811,https://www.tiktok.com/@etchaskej/video/7210257337221696811,,etchaskej,,
7614240695540337951,https://www.tiktok.com/@ebrahimaseem/video/7614240695540337951,,ebrahimaseem,,
7209876228923231530,https://www.tiktok.com/@iquobessien/video/7209876228923231530,,iquobessien,,
7563338717566340382,https://www.tiktok.com/@todaysagendawithk/video/7563338717566340382,,todaysagendawithk,,
7607883654785731870,https://www.tiktok.com/@igotthasauceee/video/7607883654785731870,,igotthasauceee,,
7081651684027665707,https://www.tiktok.com/@ajsrantroom/video/7081651684027665707,,ajsrantroom,,
7010881050616286469,https://www.tiktok.com/@orteganism/video/7010881050616286469,,orteganism,,
7209030852641115435,https://www.tiktok.com/@na1pp1551551wh13tm/video/7209030852641115435,,na1pp1551551wh13tm,,
7612713799396740365,https://www.tiktok.com/@korin_tok/video/7612713799396740365,,korin_tok,,
7617627401870150925,https://www.tiktok.com/@geminirights777/video/7617627401870150925,,geminirights777,,
7210398287248018731,https://www.tiktok.com/@livin.lavina.loca/video/7210398287248018731,,livin.lavina.loca,,
7210424062928129326,https://www.tiktok.com/@bgray1974/video/7210424062928129326,,bgray1974,,
7343832681404288302,https://www.tiktok.com/@maybeitscj/video/7343832681404288302,,maybeitscj,,
7624174521720917278,https://www.tiktok.com/@absentmindedaddition/video/7624174521720917278,,absentmindedaddition,,
6781642364629847302,https://www.tiktok.com/@arocknrolldream/video/6781642364629847302,,arocknrolldream,,
7539899417847991582,https://www.tiktok.com/@antmans.aquatics/video/7539899417847991582,,antmans.aquatics,,
7345789137036791086,https://www.tiktok.com/@stewartfields2/video/7345789137036791086,,stewartfields2,,
7617869396341738766,https://www.tiktok.com/@108brandon/video/7617869396341738766,,108brandon,,
7209871648571346218,https://www.tiktok.com/@raul_penaranda/video/7209871648571346218,,raul_penaranda,,
7026815633417424133,https://www.tiktok.com/@ciprianluchian/video/7026815633417424133,,ciprianluchian,,
7567305909341392150,https://www.tiktok.com/@chroviess/video/7567305909341392150,,chroviess,,
7617652428732648717,https://www.tiktok.com/@aboriginal367/video/7617652428732648717,,aboriginal367,,
7617616972632673557,https://www.tiktok.com/@howrosdoesit/video/7617616972632673557,,howrosdoesit,,
7618251515018349837,https://www.tiktok.com/@joysparkleshine/video/7618251515018349837,,joysparkleshine,,
7618080599747710222,https://www.tiktok.com/@donovanluvsthechase/video/7618080599747710222,,donovanluvsthechase,,
7617701423047888142,https://www.tiktok.com/@bbkiyoshi/video/7617701423047888142,,bbkiyoshi,,
7207977658507054382,https://www.tiktok.com/@thesimplysimone/video/7207977658507054382,,thesimplysimone,,
7170933190180310314,https://www.tiktok.com/@oreoshittindifferent/video/7170933190180310314,,oreoshittindifferent,,
7618510039162113294,https://www.tiktok.com/@the_yv_edit/video/7618510039162113294,,the_yv_edit,,
7135278860194778414,https://www.tiktok.com/@authorskylermason/video/7135278860194778414,,authorskylermason,,
7623130167841525023,https://www.tiktok.com/@absentmindedaddition/video/7623130167841525023,,absentmindedaddition,,
7618071893534313749,https://www.tiktok.com/@seenbysienna/video/7618071893534313749,,seenbysienna,,
7602640824706305311,https://www.tiktok.com/@kahlonjiicere/video/7602640824706305311,,kahlonjiicere,,
7325814349136710918,https://www.tiktok.com/@haydnmarkwayne/video/7325814349136710918,,haydnmarkwayne,,
7592392207273954591,https://www.tiktok.com/@betzine/video/7592392207273954591,,betzine,,
7200939560031817006,https://www.tiktok.com/@blknbougie502/video/7200939560031817006,,blknbougie502,,
7208758447733607726,https://www.tiktok.com/@cinespiala/video/7208758447733607726,,cinespiala,,
7476291619520630059,https://www.tiktok.com/@theeyeofraebonylesean/video/7476291619520630059,,theeyeofraebonylesean,,
7618348019540446486,https://www.tiktok.com/@__mrecords__/video/7618348019540446486,,__mrecords__,,
7618008975555988766,https://www.tiktok.com/@gabiwhiting/video/7618008975555988766,,gabiwhiting,,
7617641390478118157,https://www.tiktok.com/@cat_gant/video/7617641390478118157,,cat_gant,,
7584100133990698253,https://www.tiktok.com/@heyyyleelee/video/7584100133990698253,,heyyyleelee,,
7345105389618203935,https://www.tiktok.com/@mssuga__/video/7345105389618203935,,mssuga__,,
7618014002974641438,https://www.tiktok.com/@juicybrainrot/video/7618014002974641438,,juicybrainrot,,
7467007376873311531,https://www.tiktok.com/@thestarryedits/video/7467007376873311531,,thestarryedits,,
7344892954412059950,https://www.tiktok.com/@oscars/video/7344892954412059950,,oscars,,
7617834506375941398,https://www.tiktok.com/@bradpittsupport/video/7617834506375941398,,bradpittsupport,,
7617352492241734942,https://www.tiktok.com/@awesomeantje/video/7617352492241734942,,awesomeantje,,
7618440911713733919,https://www.tiktok.com/@amandapaigewilliams/video/7618440911713733919,,amandapaigewilliams,,
7435112819797904683,https://www.tiktok.com/@_quickfireclips/video/7435112819797904683,,_quickfireclips,,
7618611851458350366,https://www.tiktok.com/@theehypequeen/video/7618611851458350366,,theehypequeen,,
7618551514394660127,https://www.tiktok.com/@kentosbat/video/7618551514394660127,,kentosbat,,
7611956093337570573,https://www.tiktok.com/@altruistic.righteousness/video/7611956093337570573,,altruistic.righteousness,,
7615132143525580063,https://www.tiktok.com/@aurahe82/video/7615132143525580063,,aurahe82,,
7607260275628133645,https://www.tiktok.com/@furryfunnies069/video/7607260275628133645,,furryfunnies069,,
7617675682574880014,https://www.tiktok.com/@bald_brad/video/7617675682574880014,,bald_brad,,
7617675021401558285,https://www.tiktok.com/@likeitis/video/7617675021401558285,,likeitis,,
7617695277721406734,https://www.tiktok.com/@joysparkleshine/video/7617695277721406734,,joysparkleshine,,
7617877217481166094,https://www.tiktok.com/@joysparkleshine/video/7617877217481166094,,joysparkleshine,,
6955387940704881925,https://www.tiktok.com/@marmaryeesa2026/video/6955387940704881925,,marmaryeesa2026,,
7600397490801642782,https://www.tiktok.com/@phyllisdoklovict1/video/7600397490801642782,,phyllisdoklovict1,,
7595359067175013687,https://www.tiktok.com/@only.movies.the.podcast/video/7595359067175013687,,only.movies.the.podcast,,
7476184603041090862,https://www.tiktok.com/@chyedited/video/7476184603041090862,,chyedited,,
7301878534044192042,https://www.tiktok.com/@foreverifun/video/7301878534044192042,,foreverifun,,
7210072047660158250,https://www.tiktok.com/@sagechappell/video/7210072047660158250,,sagechappell,,
7342496843722509574,https://www.tiktok.com/@reydominicvladimr/video/7342496843722509574,,reydominicvladimr,,
7617900480651480333,https://www.tiktok.com/@espnw/video/7617900480651480333,,espnw,,
7081254173332835626,https://www.tiktok.com/@msmargaretlive/video/7081254173332835626,,msmargaretlive,,
7518629718325873950,https://www.tiktok.com/@__thesocialist__/video/7518629718325873950,,__thesocialist__,,
7612457935754530068,https://www.tiktok.com/@lover.sophia.bush/video/7612457935754530068,,lover.sophia.bush,,
7617452151559720214,https://www.tiktok.com/@filmenthusiast/video/7617452151559720214,,filmenthusiast,,
7623162688520064274,https://www.tiktok.com/@a.c.e_hype/video/7623162688520064274,,a.c.e_hype,,
7617951398315052302,https://www.tiktok.com/@evie.magazine/video/7617951398315052302,,evie.magazine,,
7618274542431128862,https://www.tiktok.com/@kateleovibes/video/7618274542431128862,,kateleovibes,,
7100121322784574721,https://www.tiktok.com/@brookeahmad02/video/7100121322784574721,,brookeahmad02,,
7477363063771925791,https://www.tiktok.com/@accesshollywood/video/7477363063771925791,,accesshollywood,,
7485536884454739243,https://www.tiktok.com/@macdashk_/video/7485536884454739243,,macdashk_,,
7618021464041639182,https://www.tiktok.com/@countizzee/video/7618021464041639182,,countizzee,,
7619217851701824781,https://www.tiktok.com/@thefilipinofacts/video/7619217851701824781,,thefilipinofacts,,
7618222307621801230,https://www.tiktok.com/@zoxozo2/video/7618222307621801230,,zoxozo2,,
7600458811354352918,https://www.tiktok.com/@sethsfilmreviews/video/7600458811354352918,,sethsfilmreviews,,
7344931875783298310,https://www.tiktok.com/@whynotmidia/video/7344931875783298310,,whynotmidia,,
7617897621935475998,https://www.tiktok.com/@darrelljbennett/video/7617897621935475998,,darrelljbennett,,
7598930643543674142,https://www.tiktok.com/@lcverlulls/video/7598930643543674142,,lcverlulls,,
7595372815558151455,https://www.tiktok.com/@oscars/video/7595372815558151455,,oscars,,
7616551767592963359,https://www.tiktok.com/@thetriviadude/video/7616551767592963359,,thetriviadude,,
7617956430590561552,https://www.tiktok.com/@mercedesgirl63/video/7617956430590561552,,mercedesgirl63,,
7613863835329465614,https://www.tiktok.com/@gitesh.pandya/video/7613863835329465614,,gitesh.pandya,,
7625267866388008206,https://www.tiktok.com/@lunsial/video/7625267866388008206,,lunsial,,
7587121038048152850,https://www.tiktok.com/@thebikinireport/video/7587121038048152850,,thebikinireport,,
7183456918831205675,https://www.tiktok.com/@flaco_713_/video/7183456918831205675,,flaco_713_,,
7617705216405703966,https://www.tiktok.com/@pagesix/video/7617705216405703966,,pagesix,,
6933242904559357189,https://www.tiktok.com/@t.heps/video/6933242904559357189,,t.heps,,
7478216481218612522,https://www.tiktok.com/@jaheliss/video/7478216481218612522,,jaheliss,,
7621239992563567886,https://www.tiktok.com/@user20029751785966/video/7621239992563567886,,user20029751785966,,
7617723839589518622,https://www.tiktok.com/@pagesix/video/7617723839589518622,,pagesix,,
7526301650898685198,https://www.tiktok.com/@sabito.scarz/video/7526301650898685198,,sabito.scarz,,
7595607961930616095,https://www.tiktok.com/@gvpdwytsc8/video/7595607961930616095,,gvpdwytsc8,,
7580854193829711117,https://www.tiktok.com/@fukaforeal/video/7580854193829711117,,fukaforeal,,
7596023137381256470,https://www.tiktok.com/@ln.4_cs55/video/7596023137381256470,,ln.4_cs55,,
7488401639854853406,https://www.tiktok.com/@reel.takes/video/7488401639854853406,,reel.takes,,
7617634443884252437,https://www.tiktok.com/@harlow90s/video/7617634443884252437,,harlow90s,,
7344838971333332270,https://www.tiktok.com/@entertainmenttonight/video/7344838971333332270,,entertainmenttonight,,
7614223786014969101,https://www.tiktok.com/@ifyouseethisdonttellme/video/7614223786014969101,,ifyouseethisdonttellme,,
7592775805470543118,https://www.tiktok.com/@michealmarcelio/video/7592775805470543118,,michealmarcelio,,
7620827125150502158,https://www.tiktok.com/@texas.yall/video/7620827125150502158,,texas.yall,,
7402678106563136798,https://www.tiktok.com/@oscars/video/7402678106563136798,,oscars,,
7617696447584144670,https://www.tiktok.com/@etchaskej/video/7617696447584144670,,etchaskej,,
7617723501742411021,https://www.tiktok.com/@unpackwith_jackmac/video/7617723501742411021,,unpackwith_jackmac,,
7617915683598355726,https://www.tiktok.com/@hollywoodreporter/video/7617915683598355726,,hollywoodreporter,,
7612389768529235231,https://www.tiktok.com/@reigndropst/video/7612389768529235231,,reigndropst,,
7616472453191060767,https://www.tiktok.com/@gabiwhiting/video/7616472453191060767,,gabiwhiting,,
6963936917247249670,https://www.tiktok.com/@marmaryeesa2026/video/6963936917247249670,,marmaryeesa2026,,
7580001146022939925,https://www.tiktok.com/@aemariaxz/video/7580001146022939925,,aemariaxz,,
7618421650274454815,https://www.tiktok.com/@mgnitibruup/video/7618421650274454815,,mgnitibruup,,
7617688868682206495,https://www.tiktok.com/@dannyrayes/video/7617688868682206495,,dannyrayes,,
7518995176577125663,https://www.tiktok.com/@ouzeki/video/7518995176577125663,,ouzeki,,
7421717096565984543,https://www.tiktok.com/@ashleydawn1994/video/7421717096565984543,,ashleydawn1994,,
7616313680724004109,https://www.tiktok.com/@cccccczim888/video/7616313680724004109,,cccccczim888,,
7606549378551106830,https://www.tiktok.com/@thebigpicturepod/video/7606549378551106830,,thebigpicturepod,,
7598293593131912470,https://www.tiktok.com/@neos.png/video/7598293593131912470,,neos.png,,
7477434961981656362,https://www.tiktok.com/@alexcolemann/video/7477434961981656362,,alexcolemann,,
7618277523306155294,https://www.tiktok.com/@kariemx_/video/7618277523306155294,,kariemx_,,
